{"network_type": "LC_SNN", "mean_weight": 0.46, "n_iter": 4000, "c_w": -100, "c_w_min": -Infinity, "time_max": 250, "crop": 20, "kernel_size": 12, "kernel_prod": 144, "stride": 4, "n_filters": 25, "intensity": 127.5, "dt": 1, "c_l": true, "nu_pre": -1.6699626462853445, "nu_post": -0.27639855193652574, "t_pre": 2.2245600708475433, "t_post": 18.916069333165602, "train_method": "basic", "immutable_name": false}