{"patch_voting": {"accuracy": 0.886, "error": 0.010050074626588601, "n_iter": 1000}, "all_voting": {"accuracy": 0.878, "error": 0.010349685985574635, "n_iter": 1000}, "spikes_first": {"accuracy": 0.882, "error": 0.01020176455325254, "n_iter": 1000}, "lc": {"accuracy": 0.892, "error": 0.009815090422405694, "n_iter": 1000}}