{"patch_voting": {"accuracy": 0.8053, "error": 0.003959695821650951, "n_iter": 10000}, "all_voting": {"accuracy": 0.8069, "error": 0.003947307816727751, "n_iter": 10000}, "spikes_first": {"accuracy": 0.8073, "error": 0.00394419459459089, "n_iter": 10000}, "lc": {"accuracy": 0.8859, "error": 0.003179326815538157, "n_iter": 10000}}