{"patch_voting": {"accuracy": 0.888, "error": 0.00997276290703835, "n_iter": 1000}, "all_voting": {"accuracy": 0.889, "error": 0.00993373041711924, "n_iter": 1000}, "spikes_first": {"accuracy": 0.89, "error": 0.009894442884771228, "n_iter": 1000}, "lc": {"accuracy": 0.913, "error": 0.008912407082264588, "n_iter": 1000}}