{"patch_voting": {"accuracy": 0.868, "error": 0.010704017937204702, "n_iter": 1000}, "all_voting": {"accuracy": 0.862, "error": 0.01090669519148674, "n_iter": 1000}, "spikes_first": {"accuracy": 0.873, "error": 0.010529529904036551, "n_iter": 1000}, "lc": {"accuracy": 0.927, "error": 0.008226238508577293, "n_iter": 1000}}