{"patch_voting": {"accuracy": 0.8056, "error": 0.0039573809520944535, "n_iter": 10000}, "all_voting": {"accuracy": 0.8071, "error": 0.00394575201957751, "n_iter": 10000}, "spikes_first": {"accuracy": 0.8058, "error": 0.003955835689206518, "n_iter": 10000}, "lc": {"accuracy": 0.8762, "error": 0.003293532450120995, "n_iter": 10000}}