{"network_type": "LC_SNN", "mean_weight": 0.46, "n_iter": 4000, "c_w": -100, "c_w_min": -Infinity, "time_max": 250, "crop": 20, "kernel_size": 12, "kernel_prod": 144, "stride": 4, "n_filters": 25, "intensity": 127.5, "dt": 1, "c_l": true, "nu_pre": -1.732087727540498, "nu_post": -1.35946895759886, "t_pre": 12.445743114019827, "t_post": 20.471223315176772, "train_method": "basic", "immutable_name": false}