{"patch_voting": {"accuracy": 0.7532, "error": 0.004311493476743297, "n_iter": 10000}, "all_voting": {"accuracy": 0.7622, "error": 0.004257360214968896, "n_iter": 10000}, "spikes_first": {"accuracy": null, "error": null, "n_iter": null}, "lc": {"accuracy": 0.8702, "error": 0.0033608326349284343, "n_iter": 10000}}