{"patch_voting": {"accuracy": 0.7541, "error": 0.004306195420553972, "n_iter": 10000}, "all_voting": {"accuracy": 0.7653, "error": 0.004238111725757121, "n_iter": 10000}, "spikes_first": {"accuracy": null, "error": null, "n_iter": null}, "lc": {"accuracy": 0.8821, "error": 0.003224896742533007, "n_iter": 10000}}