{"network_type": "LC_SNN", "mean_weight": 0.47, "n_iter": 5000, "c_w": -100, "c_w_min": -Infinity, "time_max": 250, "crop": 20, "kernel_size": 12, "kernel_prod": 144, "stride": 4, "n_filters": 25, "intensity": 127.5, "dt": 1, "c_l": true, "A_pos": -0.5340670910619911, "A_neg": -1.5153109003926835, "tau_pos": 14.739958044130061, "tau_neg": 14.154697593240293, "weight_decay": -0.0003000000142492354, "train_method": "basic", "immutable_name": true}