{"patch_voting": {"accuracy": 0.8031, "error": 0.003976561202848511, "n_iter": 10000}, "all_voting": {"accuracy": 0.8045, "error": 0.003965851106635245, "n_iter": 10000}, "spikes_first": {"accuracy": 0.8033, "error": 0.003975035974679977, "n_iter": 10000}, "lc": {"accuracy": 0.8746, "error": 0.0033117191909943083, "n_iter": 10000}}