{"patch_voting": {"accuracy": 0.772, "error": 0.013267102170406315, "n_iter": 1000}, "all_voting": {"accuracy": 0.77, "error": 0.013307892395116514, "n_iter": 1000}, "spikes_first": {"accuracy": 0.767, "error": 0.013368283360252356, "n_iter": 1000}, "lc": {"accuracy": 0.876, "error": 0.010422283818818216, "n_iter": 1000}}