{"patch_voting": {"accuracy": 0.7936, "error": 0.004047209408963168, "n_iter": 10000}, "all_voting": {"accuracy": 0.7943, "error": 0.004042122091179335, "n_iter": 10000}, "spikes_first": {"accuracy": 0.7951, "error": 0.00403628529715133, "n_iter": 10000}, "lc": {"accuracy": 0.8765, "error": 0.003290102581987377, "n_iter": 10000}}