{"patch_voting": {"accuracy": 0.876, "error": 0.010422283818818216, "n_iter": 1000}, "all_voting": {"accuracy": 0.879, "error": 0.010313049985334114, "n_iter": 1000}, "spikes_first": {"accuracy": 0.874, "error": 0.010493998284733994, "n_iter": 1000}, "lc": {"accuracy": 0.898, "error": 0.009570579919733181, "n_iter": 1000}}