{"patch_voting": {"accuracy": 0.256, "error": 0.013800869537822608, "n_iter": 1000}, "all_voting": {"accuracy": 0.256, "error": 0.013800869537822608, "n_iter": 1000}, "spikes_first": {"accuracy": 0.258, "error": 0.013836039895866157, "n_iter": 1000}, "lc": {"accuracy": 0.19, "error": 0.012405643876881199, "n_iter": 1000}}