{"patch_voting": {"accuracy": 0.7863, "error": 0.004099174429077153, "n_iter": 10000}, "all_voting": {"accuracy": 0.7884, "error": 0.004084427009997853, "n_iter": 10000}, "spikes_first": {"accuracy": 0.7858, "error": 0.004102662062612518, "n_iter": 10000}, "lc": {"accuracy": 0.8832, "error": 0.003211818176671899, "n_iter": 10000}}