{"patch_voting": {"accuracy": 0.757, "error": 0.013562853682024296, "n_iter": 1000}, "all_voting": {"accuracy": 0.761, "error": 0.01348625225924534, "n_iter": 1000}, "spikes_first": {"accuracy": 0.761, "error": 0.01348625225924534, "n_iter": 1000}, "lc": {"accuracy": 0.845, "error": 0.011444430960078356, "n_iter": 1000}}