{"patch_voting": {"accuracy": 0.892, "error": 0.009815090422405694, "n_iter": 1000}, "all_voting": {"accuracy": 0.894, "error": 0.009734680272099335, "n_iter": 1000}, "spikes_first": {"accuracy": 0.892, "error": 0.009815090422405694, "n_iter": 1000}, "lc": {"accuracy": 0.924, "error": 0.008379976133617564, "n_iter": 1000}}