{"patch_voting": {"accuracy": 0.8127, "error": 0.00390152162623764, "n_iter": 10000}, "all_voting": {"accuracy": 0.8139, "error": 0.003891873456318949, "n_iter": 10000}, "spikes_first": {"accuracy": 0.8122, "error": 0.0039055237804934686, "n_iter": 10000}, "lc": {"accuracy": 0.8763, "error": 0.0032923898614836003, "n_iter": 10000}}