{"network_type": "LC_SNN", "mean_weight": 0.46, "n_iter": 4000, "c_w": -100, "c_w_min": -Infinity, "time_max": 250, "crop": 20, "kernel_size": 12, "kernel_prod": 144, "stride": 4, "n_filters": 25, "intensity": 127.5, "dt": 1, "c_l": true, "nu_pre": -0.9012932597146328, "nu_post": -0.6760257574776042, "t_pre": 7.352983421844046, "t_post": 11.406985873546766, "train_method": "basic"}