{"patch_voting": {"accuracy": 0.7518, "error": 0.004319684710716744, "n_iter": 10000}, "all_voting": {"accuracy": 0.7697, "error": 0.0042102483299681975, "n_iter": 10000}, "spikes_first": {"accuracy": null, "error": null, "n_iter": null}, "lc": {"accuracy": 0.8922, "error": 0.0031012765113739857, "n_iter": 10000}}