{"patch_voting": {"accuracy": 0.7839, "error": 0.004115832722548379, "n_iter": 10000}, "all_voting": {"accuracy": 0.7861, "error": 0.004100570570054855, "n_iter": 10000}, "spikes_first": {"accuracy": 0.7856, "error": 0.004104054580533744, "n_iter": 10000}, "lc": {"accuracy": 0.8726, "error": 0.0033342051526563266, "n_iter": 10000}}