{"patch_voting": {"accuracy": 0.763, "error": 0.013447341744746431, "n_iter": 1000}, "all_voting": {"accuracy": 0.762, "error": 0.01346684818359515, "n_iter": 1000}, "spikes_first": {"accuracy": 0.766, "error": 0.013388203763014663, "n_iter": 1000}, "lc": {"accuracy": 0.851, "error": 0.011260506205317771, "n_iter": 1000}}