{"patch_voting": {"accuracy": 0.878, "error": 0.010349685985574635, "n_iter": 1000}, "all_voting": {"accuracy": 0.875, "error": 0.010458250331675944, "n_iter": 1000}, "spikes_first": {"accuracy": 0.882, "error": 0.01020176455325254, "n_iter": 1000}, "lc": {"accuracy": 0.928, "error": 0.00817410545564467, "n_iter": 1000}}