{"patch_voting": {"accuracy": 0.8044, "error": 0.003966618711194712, "n_iter": 10000}, "all_voting": {"accuracy": 0.8051, "error": 0.003961237054254643, "n_iter": 10000}, "spikes_first": {"accuracy": 0.8058, "error": 0.003955835689206518, "n_iter": 10000}, "lc": {"accuracy": 0.8756, "error": 0.0033003733122178762, "n_iter": 10000}}