{"patch_voting": {"accuracy": 0.71, "error": 0.04537620521815371, "n_iter": 100}, "all_voting": {"accuracy": 0.71, "error": 0.04537620521815371, "n_iter": 100}, "spikes_first": {"accuracy": null, "error": null, "n_iter": null}, "lc": {"accuracy": 0.54, "error": 0.04983974317750845, "n_iter": 100}}