{"network_type": "LC_SNN", "mean_weight": 0.46, "n_iter": 5000, "c_w": -100, "c_w_min": -Infinity, "time_max": 250, "crop": 20, "kernel_size": 12, "kernel_prod": 144, "stride": 4, "n_filters": 25, "intensity": 127.5, "dt": 1, "c_l": true, "nu_pre": -1.500635672634183, "nu_post": -0.97049840704662, "t_pre": 11.2980065367507, "t_post": 24.9281480757435, "train_method": "basic"}