{"patch_voting": {"accuracy": 0.866, "error": 0.010772372069326236, "n_iter": 1000}, "all_voting": {"accuracy": 0.831, "error": 0.011850696182081458, "n_iter": 1000}, "spikes_first": {"accuracy": 0.863, "error": 0.010873407929439602, "n_iter": 1000}, "lc": {"accuracy": 0.923, "error": 0.008430361795320529, "n_iter": 1000}}