{"patch_voting": {"accuracy": 0.88, "error": 0.010276186062932104, "n_iter": 1000}, "all_voting": {"accuracy": 0.862, "error": 0.01090669519148674, "n_iter": 1000}, "spikes_first": {"accuracy": 0.876, "error": 0.010422283818818216, "n_iter": 1000}, "lc": {"accuracy": null, "error": null, "n_iter": null}}