{"patch_voting": {"accuracy": 0.8058, "error": 0.003955835689206518, "n_iter": 10000}, "all_voting": {"accuracy": 0.8056, "error": 0.0039573809520944535, "n_iter": 10000}, "spikes_first": {"accuracy": 0.8052, "error": 0.003960466639172712, "n_iter": 10000}, "lc": {"accuracy": 0.881, "error": 0.003237885112229895, "n_iter": 10000}}