{"patch_voting": {"accuracy": 0.878, "error": 0.010349685985574635, "n_iter": 1000}, "all_voting": {"accuracy": 0.857, "error": 0.011070275515993268, "n_iter": 1000}, "spikes_first": {"accuracy": 0.88, "error": 0.010276186062932104, "n_iter": 1000}, "lc": {"accuracy": 0.936, "error": 0.007739767438366605, "n_iter": 1000}}