{"patch_voting": {"accuracy": 0.8089, "error": 0.003931676360027616, "n_iter": 10000}, "all_voting": {"accuracy": 0.8087, "error": 0.003933246877580913, "n_iter": 10000}, "spikes_first": {"accuracy": 0.8076, "error": 0.00394185540069648, "n_iter": 10000}, "lc": {"accuracy": 0.8719, "error": 0.0033420112208070157, "n_iter": 10000}}