{"patch_voting": {"accuracy": 0.7979, "error": 0.004015664204088783, "n_iter": 10000}, "all_voting": {"accuracy": 0.8013, "error": 0.003990216911397173, "n_iter": 10000}, "spikes_first": {"accuracy": 0.7997, "error": 0.004002248243175328, "n_iter": 10000}, "lc": {"accuracy": 0.8729, "error": 0.003330849591320509, "n_iter": 10000}}