{"patch_voting": {"accuracy": 0.7337, "error": 0.004420229745160312, "n_iter": 10000}, "all_voting": {"accuracy": 0.7407, "error": 0.004382505105530397, "n_iter": 10000}, "spikes_first": {"accuracy": 0.737, "error": 0.00440262421744123, "n_iter": 10000}, "lc": {"accuracy": 0.8561, "error": 0.003509883046484598, "n_iter": 10000}}