{"patch_voting": {"accuracy": 0.795, "error": 0.012766166221697099, "n_iter": 1000}, "all_voting": {"accuracy": 0.802, "error": 0.012601428490452976, "n_iter": 1000}, "spikes_first": {"accuracy": 0.794, "error": 0.0127892142057282, "n_iter": 1000}, "lc": {"accuracy": 0.874, "error": 0.010493998284733994, "n_iter": 1000}}