{"network_type": "LC_SNN", "mean_weight": 0.46, "n_iter": 4000, "c_w": -100, "c_w_min": -Infinity, "time_max": 250, "crop": 20, "kernel_size": 12, "kernel_prod": 144, "stride": 4, "n_filters": 25, "intensity": 127.5, "dt": 1, "c_l": true, "nu_pre": -0.6884609161273203, "nu_post": -0.3229620097310034, "t_pre": 8.369719059162296, "t_post": 22.86667483391938, "train_method": "basic"}