{"network_type": "LC_SNN", "mean_weight": 0.46, "n_iter": 4000, "c_w": -100, "c_w_min": -Infinity, "time_max": 250, "crop": 20, "kernel_size": 12, "kernel_prod": 144, "stride": 4, "n_filters": 25, "intensity": 127.5, "dt": 1, "c_l": true, "A_pos": -0.026174585663954517, "A_neg": -0.8371890839873661, "tau_pos": 19.114437754405436, "tau_neg": 16.194402421327418, "weight_decay": 0, "train_method": "basic", "immutable_name": false}