{"patch_voting": {"accuracy": 0.853, "error": 0.011197812286335219, "n_iter": 1000}, "all_voting": {"accuracy": 0.853, "error": 0.011197812286335219, "n_iter": 1000}, "spikes_first": {"accuracy": 0.846, "error": 0.011414201680362933, "n_iter": 1000}, "lc": {"accuracy": 0.862, "error": 0.01090669519148674, "n_iter": 1000}}