{"network_type": "LC_SNN", "mean_weight": 0.46, "n_iter": 4000, "c_w": -100, "c_w_min": -Infinity, "time_max": 250, "crop": 20, "kernel_size": 12, "kernel_prod": 144, "stride": 4, "n_filters": 25, "intensity": 127.5, "dt": 1, "c_l": true, "A_pos": -0.45893680305868756, "A_neg": -0.30484015259820796, "tau_pos": 13.177628477074887, "tau_neg": 22.974581087504603, "train_method": "basic", "immutable_name": false, "weight_decay": 0}