{"patch_voting": {"accuracy": 0.821, "error": 0.0038335231837045153, "n_iter": 10000}, "all_voting": {"accuracy": 0.823, "error": 0.0038166870450693233, "n_iter": 10000}, "spikes_first": {"accuracy": 0.8219, "error": 0.0038259690275798106, "n_iter": 10000}, "lc": {"accuracy": 0.885, "error": 0.003190219428189854, "n_iter": 10000}}