{"patch_voting": {"accuracy": 0.74, "error": 0.013870832707519763, "n_iter": 1000}, "all_voting": {"accuracy": 0.736, "error": 0.013939296969359681, "n_iter": 1000}, "spikes_first": {"accuracy": 0.739, "error": 0.013888088421377507, "n_iter": 1000}, "lc": {"accuracy": 0.842, "error": 0.011534123287012326, "n_iter": 1000}}