{"network_type": "LC_SNN", "mean_weight": 0.46, "n_iter": 4000, "c_w": -100, "c_w_min": -Infinity, "time_max": 250, "crop": 20, "kernel_size": 12, "kernel_prod": 144, "stride": 4, "n_filters": 25, "intensity": 127.5, "dt": 1, "c_l": true, "A_pos": -0.03188085730551437, "A_neg": -1.158100699375799, "tau_pos": 18.699509771555615, "tau_neg": 17.840581171398536, "weight_decay": 0, "train_method": "basic", "immutable_name": false}