{"patch_voting": {"accuracy": 0.883, "error": 0.010164201887015036, "n_iter": 1000}, "all_voting": {"accuracy": 0.885, "error": 0.010088359628799917, "n_iter": 1000}, "spikes_first": {"accuracy": 0.884, "error": 0.010126401137620413, "n_iter": 1000}, "lc": {"accuracy": 0.937, "error": 0.007683163410991592, "n_iter": 1000}}