{"patch_voting": {"accuracy": 0.8179, "error": 0.0038592692313441936, "n_iter": 10000}, "all_voting": {"accuracy": 0.8183, "error": 0.0038559708245784223, "n_iter": 10000}, "spikes_first": {"accuracy": 0.818, "error": 0.003858445282753146, "n_iter": 10000}, "lc": {"accuracy": 0.8757, "error": 0.003299234911308984, "n_iter": 10000}}