{"patch_voting": {"accuracy": 0.8078, "error": 0.0039402938976680416, "n_iter": 10000}, "all_voting": {"accuracy": 0.8088, "error": 0.003932461824353798, "n_iter": 10000}, "spikes_first": {"accuracy": 0.8108, "error": 0.003916674099283728, "n_iter": 10000}, "lc": {"accuracy": 0.8841, "error": 0.003201049671592117, "n_iter": 10000}}