{"patch_voting": {"accuracy": 0.7703, "error": 0.004206398816089601, "n_iter": 10000}, "all_voting": {"accuracy": 0.798, "error": 0.004014922166119786, "n_iter": 10000}, "spikes_first": {"accuracy": null, "error": null, "n_iter": null}, "lc": {"accuracy": 0.9077, "error": 0.002894489765053593, "n_iter": 10000}}