{"patch_voting": {"accuracy": 0.881, "error": 0.010239091756596383, "n_iter": 1000}, "all_voting": {"accuracy": 0.877, "error": 0.010386096475577337, "n_iter": 1000}, "spikes_first": {"accuracy": 0.883, "error": 0.010164201887015036, "n_iter": 1000}, "lc": {"accuracy": 0.905, "error": 0.009272270487857868, "n_iter": 1000}}