{"patch_voting": {"accuracy": 0.884, "error": 0.010126401137620413, "n_iter": 1000}, "all_voting": {"accuracy": 0.882, "error": 0.01020176455325254, "n_iter": 1000}, "spikes_first": {"accuracy": 0.884, "error": 0.010126401137620413, "n_iter": 1000}, "lc": {"accuracy": 0.904, "error": 0.009315793041926167, "n_iter": 1000}}