{"patch_voting": {"accuracy": 0.803, "error": 0.012577400367325513, "n_iter": 1000}, "all_voting": {"accuracy": 0.798, "error": 0.01269629867323544, "n_iter": 1000}, "spikes_first": {"accuracy": 0.801, "error": 0.012625331678811452, "n_iter": 1000}, "lc": {"accuracy": 0.877, "error": 0.010386096475577337, "n_iter": 1000}}