{"patch_voting": {"accuracy": 0.891, "error": 0.009854897259738428, "n_iter": 1000}, "all_voting": {"accuracy": 0.896, "error": 0.009653186002558947, "n_iter": 1000}, "spikes_first": {"accuracy": 0.894, "error": 0.009734680272099335, "n_iter": 1000}, "lc": {"accuracy": 0.924, "error": 0.008379976133617564, "n_iter": 1000}}