{"patch_voting": {"accuracy": 0.845, "error": 0.011444430960078356, "n_iter": 1000}, "all_voting": {"accuracy": 0.85, "error": 0.011291589790636216, "n_iter": 1000}, "spikes_first": {"accuracy": 0.847, "error": 0.011383804285035824, "n_iter": 1000}, "lc": {"accuracy": 0.893, "error": 0.009775019181566856, "n_iter": 1000}}