{"patch_voting": {"accuracy": 0.843, "error": 0.01150439046625244, "n_iter": 1000}, "all_voting": {"accuracy": 0.805, "error": 0.012528966437819202, "n_iter": 1000}, "spikes_first": {"accuracy": 0.859, "error": 0.011005407761641547, "n_iter": 1000}, "lc": {"accuracy": 0.92, "error": 0.008579044235810886, "n_iter": 1000}}