{"patch_voting": {"accuracy": 0.8076, "error": 0.00394185540069648, "n_iter": 10000}, "all_voting": {"accuracy": 0.8099, "error": 0.003923799051939332, "n_iter": 10000}, "spikes_first": {"accuracy": 0.8075, "error": 0.003942635539838801, "n_iter": 10000}, "lc": {"accuracy": 0.8733, "error": 0.003326366035180134, "n_iter": 10000}}