{"patch_voting": {"accuracy": 0.5235, "error": 0.004994474446826213, "n_iter": 10000}, "all_voting": {"accuracy": 0.5601, "error": 0.004963748482749705, "n_iter": 10000}, "spikes_first": {"accuracy": 0.1034, "error": 0.0030448060693581127, "n_iter": 10000}, "lc": {"accuracy": null, "error": null, "n_iter": null}}