{"patch_voting": {"accuracy": 0.84, "error": 0.011593101396951551, "n_iter": 1000}, "all_voting": {"accuracy": 0.796, "error": 0.012742998077375669, "n_iter": 1000}, "spikes_first": {"accuracy": 0.842, "error": 0.011534123287012326, "n_iter": 1000}, "lc": {"accuracy": 0.895, "error": 0.009694070352540258, "n_iter": 1000}}