{"network_type": "LC_SNN", "mean_weight": 0.46, "n_iter": 4000, "c_w": -126.667, "c_w_min": -Infinity, "time_max": 250, "crop": 20, "kernel_size": 12, "kernel_prod": 144, "stride": 4, "n_filters": 25, "intensity": 127.5, "dt": 1, "c_l": true, "A_pos": -0.10016976179386301, "A_neg": -3.0921145897631357, "tau_pos": 17.187130256998024, "tau_neg": 16.400751632411325, "weight_decay": 0, "train_method": "basic", "immutable_name": false}