{"patch_voting": {"accuracy": 0.757, "error": 0.013562853682024296, "n_iter": 1000}, "all_voting": {"accuracy": 0.756, "error": 0.013581752464244074, "n_iter": 1000}, "spikes_first": {"accuracy": 0.748, "error": 0.013729384545565033, "n_iter": 1000}, "lc": {"accuracy": 0.863, "error": 0.010873407929439602, "n_iter": 1000}}