{"patch_voting": {"accuracy": 0.7749, "error": 0.004176481653257919, "n_iter": 10000}, "all_voting": {"accuracy": 0.7759, "error": 0.004169882372441697, "n_iter": 10000}, "spikes_first": {"accuracy": 0.7749, "error": 0.004176481653257919, "n_iter": 10000}, "lc": {"accuracy": 0.8677, "error": 0.0033881663182317363, "n_iter": 10000}}