{"patch_voting": {"accuracy": 0.767, "error": 0.013368283360252356, "n_iter": 1000}, "all_voting": {"accuracy": 0.771, "error": 0.013287550564344055, "n_iter": 1000}, "spikes_first": {"accuracy": 0.761, "error": 0.01348625225924534, "n_iter": 1000}, "lc": {"accuracy": 0.871, "error": 0.010599952830083727, "n_iter": 1000}}