{"patch_voting": {"accuracy": 0.7958, "error": 0.004031158146240358, "n_iter": 10000}, "all_voting": {"accuracy": 0.7985, "error": 0.004011206177697676, "n_iter": 10000}, "spikes_first": {"accuracy": 0.7958, "error": 0.004031158146240358, "n_iter": 10000}, "lc": {"accuracy": 0.8807, "error": 0.0032414118837321487, "n_iter": 10000}}