{"network_type": "LC_SNN", "mean_weight": 0.46, "n_iter": 4000, "c_w": -100, "c_w_min": -Infinity, "time_max": 250, "crop": 20, "kernel_size": 12, "kernel_prod": 144, "stride": 4, "n_filters": 25, "intensity": 127.5, "dt": 1, "c_l": true, "nu_pre": -1.332089552475322, "nu_post": -0.5291472818321584, "t_pre": 4.545311374840318, "t_post": 15.244629254025938, "train_method": "basic", "immutable_name": false}