{"patch_voting": {"accuracy": 0.879, "error": 0.010313049985334114, "n_iter": 1000}, "all_voting": {"accuracy": 0.88, "error": 0.010276186062932104, "n_iter": 1000}, "spikes_first": {"accuracy": 0.877, "error": 0.010386096475577337, "n_iter": 1000}, "lc": {"accuracy": 0.889, "error": 0.00993373041711924, "n_iter": 1000}}