{"patch_voting": {"accuracy": 0.887, "error": 0.010011543337567888, "n_iter": 1000}, "all_voting": {"accuracy": 0.878, "error": 0.010349685985574635, "n_iter": 1000}, "spikes_first": {"accuracy": 0.888, "error": 0.00997276290703835, "n_iter": 1000}, "lc": {"accuracy": 0.928, "error": 0.00817410545564467, "n_iter": 1000}}