{"network_type": "LC_SNN", "mean_weight": 0.46, "n_iter": 5000, "c_w": -100, "c_w_min": -350, "time_max": 250, "crop": 20, "kernel_size": 12, "kernel_prod": 144, "stride": 4, "n_filters": 25, "intensity": 127.5, "dt": 1, "c_l": true, "A_pos": -0.05557006922455341, "A_neg": -1.6260407487677235, "tau_pos": 17.720578799356897, "tau_neg": 16.475865309906567, "weight_decay": 0, "train_method": "basic", "immutable_name": true, "c_w_max": null}