{"patch_voting": {"accuracy": 0.7107, "error": 0.004534374378015119, "n_iter": 10000}, "all_voting": {"accuracy": 0.7157, "error": 0.004510803808635441, "n_iter": 10000}, "spikes_first": {"accuracy": 0.7181, "error": 0.004499248715063439, "n_iter": 10000}, "lc": {"accuracy": 0.8594, "error": 0.003476084578947986, "n_iter": 10000}}