{"patch_voting": {"accuracy": 0.847, "error": 0.011383804285035824, "n_iter": 1000}, "all_voting": {"accuracy": 0.827, "error": 0.011961229033840963, "n_iter": 1000}, "spikes_first": {"accuracy": 0.851, "error": 0.011260506205317771, "n_iter": 1000}, "lc": {"accuracy": 0.903, "error": 0.009359006357514668, "n_iter": 1000}}