{"patch_voting": {"accuracy": 0.787, "error": 0.012947239087929132, "n_iter": 1000}, "all_voting": {"accuracy": 0.787, "error": 0.012947239087929132, "n_iter": 1000}, "spikes_first": {"accuracy": 0.785, "error": 0.012991343271578961, "n_iter": 1000}, "lc": {"accuracy": 0.867, "error": 0.010738295954200556, "n_iter": 1000}}