{"patch_voting": {"accuracy": 0.877, "error": 0.010386096475577337, "n_iter": 1000}, "all_voting": {"accuracy": 0.874, "error": 0.010493998284733994, "n_iter": 1000}, "spikes_first": {"accuracy": 0.871, "error": 0.010599952830083727, "n_iter": 1000}, "lc": {"accuracy": 0.929, "error": 0.008121514637061239, "n_iter": 1000}}