{"patch_voting": {"accuracy": 0.7646, "error": 0.004242485592197103, "n_iter": 10000}, "all_voting": {"accuracy": 0.7754, "error": 0.0041731863126393005, "n_iter": 10000}, "spikes_first": {"accuracy": null, "error": null, "n_iter": null}, "lc": {"accuracy": 0.8732, "error": 0.003327487941375596, "n_iter": 10000}}