{"patch_voting": {"accuracy": 0.8167, "error": 0.0038691227687939807, "n_iter": 10000}, "all_voting": {"accuracy": 0.816, "error": 0.0038748419322599476, "n_iter": 10000}, "spikes_first": {"accuracy": 0.816, "error": 0.0038748419322599476, "n_iter": 10000}, "lc": {"accuracy": 0.8828, "error": 0.003216584523994356, "n_iter": 10000}}