{"patch_voting": {"accuracy": 0.88, "error": 0.010276186062932104, "n_iter": 1000}, "all_voting": {"accuracy": 0.874, "error": 0.010493998284733994, "n_iter": 1000}, "spikes_first": {"accuracy": 0.882, "error": 0.01020176455325254, "n_iter": 1000}, "lc": {"accuracy": 0.926, "error": 0.008277922444671728, "n_iter": 1000}}