{"patch_voting": {"accuracy": 0.7822, "error": 0.004127507238031207, "n_iter": 10000}, "all_voting": {"accuracy": 0.783, "error": 0.004122026200790092, "n_iter": 10000}, "spikes_first": {"accuracy": 0.7822, "error": 0.004127507238031207, "n_iter": 10000}, "lc": {"accuracy": 0.8687, "error": 0.003377281599156339, "n_iter": 10000}}