{"patch_voting": {"accuracy": 0.7876, "error": 0.005784224062050156, "n_iter": 5000}, "all_voting": {"accuracy": 0.8014, "error": 0.0056419507264775, "n_iter": 5000}, "spikes_first": {"accuracy": null, "error": null, "n_iter": null}, "lc": {"accuracy": 0.8986, "error": 0.004268911805132546, "n_iter": 5000}}