{"network_type": "LC_SNN", "mean_weight": 0.46, "n_iter": 4000, "c_w": -126.667, "c_w_min": -Infinity, "time_max": 250, "crop": 20, "kernel_size": 12, "kernel_prod": 144, "stride": 4, "n_filters": 25, "intensity": 127.5, "dt": 1, "c_l": true, "A_pos": -0.3956542713368211, "A_neg": -4.8675157403740945, "tau_pos": 25.72462581476445, "tau_neg": 19.469599150685678, "weight_decay": 0, "train_method": "basic", "immutable_name": false}