{"patch_voting": {"accuracy": 0.872, "error": 0.010564847372300274, "n_iter": 1000}, "all_voting": {"accuracy": 0.87, "error": 0.010634848376916336, "n_iter": 1000}, "spikes_first": {"accuracy": 0.872, "error": 0.010564847372300274, "n_iter": 1000}, "lc": {"accuracy": 0.91, "error": 0.009049861877399012, "n_iter": 1000}}