{"patch_voting": {"accuracy": 0.898, "error": 0.009570579919733181, "n_iter": 1000}, "all_voting": {"accuracy": 0.899, "error": 0.009528850927577784, "n_iter": 1000}, "spikes_first": {"accuracy": 0.9, "error": 0.009486832980505136, "n_iter": 1000}, "lc": {"accuracy": 0.913, "error": 0.008912407082264588, "n_iter": 1000}}