{"patch_voting": {"accuracy": 0.7991, "error": 0.004006734206308174, "n_iter": 10000}, "all_voting": {"accuracy": 0.8017, "error": 0.003987193373790642, "n_iter": 10000}, "spikes_first": {"accuracy": 0.7987, "error": 0.004009717072313208, "n_iter": 10000}, "lc": {"accuracy": 0.872, "error": 0.003340898082851376, "n_iter": 10000}}