{"patch_voting": {"accuracy": 0.8555, "error": 0.0035159600395908938, "n_iter": 10000}, "all_voting": {"accuracy": 0.8141, "error": 0.0038902595029123694, "n_iter": 10000}, "spikes_first": {"accuracy": 0.8573, "error": 0.0034976665078306143, "n_iter": 10000}, "lc": {"accuracy": null, "error": null, "n_iter": null}}