{"patch_voting": {"accuracy": 0.7814, "error": 0.004132965521269201, "n_iter": 10000}, "all_voting": {"accuracy": 0.782, "error": 0.004128873938497033, "n_iter": 10000}, "spikes_first": {"accuracy": 0.7806, "error": 0.004138401140537248, "n_iter": 10000}, "lc": {"accuracy": 0.8726, "error": 0.0033342051526563266, "n_iter": 10000}}