{"patch_voting": {"accuracy": 0.63, "error": 0.048280430818293245, "n_iter": 100}, "all_voting": {"accuracy": 0.65, "error": 0.047696960070847276, "n_iter": 100}, "spikes_first": {"accuracy": null, "error": null, "n_iter": null}, "lc": {"accuracy": 0.58, "error": 0.04935585071701227, "n_iter": 100}}