{"network_type": "LC_SNN", "mean_weight": 0.46, "n_iter": 4000, "c_w": -100, "c_w_min": -Infinity, "time_max": 250, "crop": 20, "kernel_size": 12, "kernel_prod": 144, "stride": 4, "n_filters": 25, "intensity": 127.5, "dt": 1, "c_l": true, "nu_pre": -1.2326585379137385, "nu_post": -0.5819412528943878, "t_pre": 5.39817965549843, "t_post": 15.14567319548371, "train_method": "basic"}