{"patch_voting": {"accuracy": 0.7775, "error": 0.004159251735588987, "n_iter": 10000}, "all_voting": {"accuracy": 0.7798, "error": 0.0041438141850232615, "n_iter": 10000}, "spikes_first": {"accuracy": 0.7775, "error": 0.004159251735588987, "n_iter": 10000}, "lc": {"accuracy": 0.8459, "error": 0.003610445817347215, "n_iter": 10000}}