{"patch_voting": {"accuracy": 0.8043, "error": 0.0039673859151839515, "n_iter": 10000}, "all_voting": {"accuracy": 0.805, "error": 0.003962007067131506, "n_iter": 10000}, "spikes_first": {"accuracy": 0.8054, "error": 0.003958924601454289, "n_iter": 10000}, "lc": {"accuracy": 0.8671, "error": 0.003394666257528124, "n_iter": 10000}}