{"patch_voting": {"accuracy": 0.6826, "error": 0.0046546454215117185, "n_iter": 10000}, "all_voting": {"accuracy": 0.6973, "error": 0.00459426501194696, "n_iter": 10000}, "spikes_first": {"accuracy": 0.6989, "error": 0.004587360788078479, "n_iter": 10000}, "lc": {"accuracy": 0.8643, "error": 0.0034246972128934264, "n_iter": 10000}}