{"network_type": "LC_SNN", "mean_weight": 0.46, "n_iter": 4000, "c_w": -126.667, "c_w_min": -Infinity, "time_max": 250, "crop": 20, "kernel_size": 12, "kernel_prod": 144, "stride": 4, "n_filters": 25, "intensity": 127.5, "dt": 1, "c_l": true, "A_pos": -0.0020412116793218187, "A_neg": -0.17875456891675856, "tau_pos": 21.791233751565997, "tau_neg": 18.53695011621786, "weight_decay": 0, "train_method": "basic", "immutable_name": false}