{"patch_voting": {"accuracy": 0.7834, "error": 0.004119277121049275, "n_iter": 10000}, "all_voting": {"accuracy": 0.7949, "error": 0.004037746772644367, "n_iter": 10000}, "spikes_first": {"accuracy": null, "error": null, "n_iter": null}, "lc": {"accuracy": 0.8767, "error": 0.0032878124946535497, "n_iter": 10000}}