{"patch_voting": {"accuracy": 0.7658, "error": 0.005989162879735364, "n_iter": 5000}, "all_voting": {"accuracy": 0.7844, "error": 0.0058157826644399295, "n_iter": 5000}, "spikes_first": {"accuracy": null, "error": null, "n_iter": null}, "lc": {"accuracy": 0.9196, "error": 0.0038454086908935965, "n_iter": 5000}}