{"network_type": "LC_SNN", "mean_weight": 0.46, "n_iter": 4000, "c_w": -100, "c_w_min": -Infinity, "time_max": 250, "crop": 20, "kernel_size": 12, "kernel_prod": 144, "stride": 4, "n_filters": 25, "intensity": 127.5, "dt": 1, "c_l": true, "A_pos": -0.09577942245420379, "A_neg": -1.5122296642177278, "tau_pos": 17.02026199060077, "tau_neg": 17.204711172686167, "weight_decay": 0, "train_method": "basic", "immutable_name": false}