{"patch_voting": {"accuracy": 0.816, "error": 0.012253326079069309, "n_iter": 1000}, "all_voting": {"accuracy": 0.819, "error": 0.012175343937647102, "n_iter": 1000}, "spikes_first": {"accuracy": 0.817, "error": 0.012227469075814505, "n_iter": 1000}, "lc": {"accuracy": 0.891, "error": 0.009854897259738428, "n_iter": 1000}}