{"patch_voting": {"accuracy": 0.7346, "error": 0.004415459658970966, "n_iter": 10000}, "all_voting": {"accuracy": 0.7369, "error": 0.004403162386285566, "n_iter": 10000}, "spikes_first": {"accuracy": 0.7365, "error": 0.0044053121342306715, "n_iter": 10000}, "lc": {"accuracy": 0.8451, "error": 0.0036180932823795466, "n_iter": 10000}}