{"patch_voting": {"accuracy": 0.7887, "error": 0.004082307068313211, "n_iter": 10000}, "all_voting": {"accuracy": 0.7895, "error": 0.004076637707719439, "n_iter": 10000}, "spikes_first": {"accuracy": 0.7881, "error": 0.004086543649589467, "n_iter": 10000}, "lc": {"accuracy": 0.8719, "error": 0.0033420112208070157, "n_iter": 10000}}